ID,Doza_snaga,Doza_jedinica_mjere
394112,0.25,mg
394124,1,mg
395653,400,mg
395655,400,mg
395876,10,mg
395877,10,mg
395883,20,mg
395884,20,mg
396031,1.5,mg
396032,1.5,mg
396300,5,mg
396304,10,mg
396486,200,mg
396995,500,mg
397207,1.5,mg
397215,25,mg
397217,50,mg
397219,100,mg
397244,25,mg
397245,50,mg
397246,100,mg
397314,5,mg
397705,20,mg
397719,20,mg
397751,20,mg
397765,18,mcg
398315,25,mcg
398318,50,mcg
398320,75,mcg
398322,100,mcg
398324,125,mcg
398327,150,mcg
398670,150,mg
398672,150,mg
398710,10,mg
398911,2.5,mg
398913,5,mg
398962,40,mg
398965,80,mg
398974,40,mg
398976,80,mg
399302,200,mg
399385,10,mg
399533,50,mg
399562,500,mg
399563,300,mg
399565,300,mg
399626,250,mg
399628,500,mg
399727,12.5,mg
399729,25,mg
399732,50,mg
399748,500,mg
399749,500,mg
399851,75,mg
399961,400,mg
399986,5,mg
399990,10,mg
400007,300,mg
400098,10,mg
400152,5,mg
400309,150,mg
400331,2,mg
400354,20,mg
400369,5,mg
400371,20,mg
400373,100,mg
400375,250,mg
400574,100,mg
400586,200,mg
400615,250,mg
400622,2,mg
400684,15,mg
400793,60,mg
400794,60,mg
400799,90,mg
400800,90,mg
400803,120,mg
400804,120,mg
400929,1.5,mg
400968,500,mg
401049,200,mg
401589,100,mg
401619,100,mg
401620,100,mg
401622,400,mg
401623,400,mg
401678,2.5,mg
401735,1.5,mg
401740,3,mg
401746,4.5,mg
401749,6,mg
402075,1,g
402128,1.25,mg
402131,2.5,mg
402133,5,mg
402134,5,mg
402135,5,mg
402137,10,mg
402138,10,mg
402139,10,mg
402564,500,mg
402575,500,mg
402613,250,mg
402784,5,mg
402786,20,mg
402788,10,mg
402827,30,mg
402829,500,mg
402837,500,mg
402844,10,mg
402845,10,mg
402852,20,mg
402853,20,mg
402859,200,mg
402861,200,mg
402874,50,mg
402938,1000,mg
402988,0.4,mg
403013,120,mg
403111,80,mg
403129,400,mg
403163,250,mg
403217,2,mg
403219,4,mg
403220,8,mg
403236,10,mg
403242,150,mg
403245,150,mg
403247,300,mg
403249,75,mg
403254,500,mg
403333,10,mg
403405,40,mg
403407,80,mg
403852,10,mg
403860,15,mg
403862,20,mg
404088,5,mg
404090,10,mg
404096,15,mg
404098,20,mg
404135,2.5,mg
404136,2.5,mg
404138,5,mg
404176,200,mg
404210,160,mg
404247,5,mg
404248,5,mg
404427,250,mg
404430,500,mg
404467,75,mg
404504,10,mg
404506,50,mg
404508,500,mg
404535,5,mg
404535,5,mg
404537,5,mg
404537,5,mg
404538,10,mg
404538,10,mg
404540,10,mg
404540,10,mg
404548,20,mg
404549,20,mg
404564,1500,mg
404594,5,mg
404602,300,mg
404607,200,mg
404625,0.4,mg
404627,0.4,mg
404652,40,mg
404656,40,mg
404717,50,mg
404719,100,mg
404760,47.5,mg
404762,95,mg
404804,1.5,mg
404810,3,mg
404817,4.5,mg
404829,6,mg
404909,20,mg
404923,267,mg
404925,801,mg
404985,500,mg
404986,500,mg
404987,500,mg
404988,500,mg
405007,100,mg
405028,1,mg
405030,2,mg
405031,3,mg
405032,4,mg
405043,1,g
405055,50,mg
405057,100,mg
405084,2,mg
405086,4,mg
405101,1,g
405106,5,mg
405107,5,mg
405112,5,mg
405114,145,mg
405135,80,mg
405137,160,mg
405246,10,mg
405248,20,mg
405249,40,mg
405283,400,mg
405290,4,mg
405326,25,mg
405330,25,mg
405356,0.9,mg
405359,4,mg
405361,4,mg
405514,153.5,mg
405515,153.5,mg
405517,356.1,mg
405518,356.1,mg
405531,60,mg
405533,90,mg
405535,120,mg
405600,500,mg
405604,100,mg
405645,10,mg
405690,600,mg
405700,50,mg
405702,50,mg
405732,1,g
405747,250,mg
405749,250,mg
405751,500,mg
405753,500,mg
405786,2.5,mg
405866,10,mg
405867,10,mg
405871,20,mg
405873,40,mg
405875,20,mg
405916,10,mg
406010,80,mg
406021,5,mg
406022,5,mg
406050,25,mg
406055,50,mg
406280,200,mg
406298,1,mg
406300,5,mg
406315,20,mg
406371,150,mg
406499,1,mg
406504,2,mg
406507,3,mg
406509,4,mg
406646,20,mg
406647,20,mg
406708,10,mg
406713,20,mg
406718,50,mg
406720,100,mg
406722,6.25,mg
406724,12.5,mg
406726,25,mg
406739,500,mg
406740,500,mg
406741,500,mg
406743,500,mg
406747,750,mg
406748,750,mg
406749,750,mg
406751,750,mg
406752,1000,mg
406753,1000,mg
406755,1000,mg
406792,5,mg
406795,15,mg
406798,25,mg
406802,10,mg
406874,100,mg
406875,100,mg
406910,50,mg
406911,50,mg
406912,50,mg
406913,50,mg
406915,50,mg
406978,150,mg
406981,300,mg
407061,1,mg
407068,5,mg
407094,5,mg
407095,5,mg
407115,20,mg
407116,20,mg
407191,75,mg
407195,1.5,mg
407239,10,mg
407242,20,mg
407251,300,mg
407297,75,mg
407328,100,mg
407329,100,mg
407330,100,mg
407331,100,mg
407345,100,mg
407370,600,mg
407391,600,mg
407394,2.4,g
407395,2.4,g
407407,800,mg
407408,800,mg
407423,1,mg
407548,2,mg
407573,10,mg
407680,200,mg
407717,10,mg
407719,10,mg
407757,2.5,mg
407763,5,mg
407770,20,mg
407772,40,mg
407795,400,mg
407796,200,mg
407857,100,mg
407858,100,mg
407859,100,mg
407860,100,mg
407861,100,mg
407911,80,mg
407914,120,mg
407978,10,mg
407979,10,mg
408028,75,mg
408032,150,mg
408035,300,mg
408069,30,mg
408081,100,mg
408091,550,mg
408093,550,mg
408095,0.5,mg
408108,60,mcg
408111,120,mcg
408130,750,mg
408131,750,mg
408174,75,mg
408190,20,mg
408203,50,mg
408215,40,mg
408367,10,mcg
408368,10,mcg
408369,10,mcg
408370,10,mcg
408421,70,mg
408422,70,mg
408423,70,mg
408425,50,mg
408426,50,mg
408427,50,mg
408479,150,mg
408481,300,mg
408498,5,mg
408500,10,mg
408530,25,mg
408532,100,mg
408534,200,mg
408543,15,mg
408546,100,mg
408551,0.75,mg
408570,18.9,mg
408582,200,mg
408588,200,mg
408616,600,i.j.
408638,180,mg
408640,180,mg
408641,360,mg
408643,360,mg
408658,1,mg
408660,2,mg
408667,50,mg
408669,500,mg
408680,300,mg
408700,5,mg
408701,10,mg
408702,20,mg
408762,5,mg
408764,1,mg
408796,40,mg
408797,40,mg
408798,40,mg
408799,40,mg
408801,20,mg
408802,20,mg
408808,100,mg
408810,50,mg
408812,25,mg
408848,320,mg
408850,160,mg
408852,80,mg
409023,2,mg
409024,2,mg
409029,4,mg
409031,4,mg
409072,10,mg
409086,500,mg
409141,50,mg
409144,40,mg
409148,60,mg
409159,2,mg
409161,4,mg
409173,3,g
409265,50,mg
409303,10,mg
409305,50,mg
409307,100,mg
409308,100,mg
409313,1,mg
409334,50,mg
409338,100,mg
409409,2,mg
409424,500,mg
409426,1000,mg
409450,25,mg
409498,400,mg
409532,0.4,mg
409533,0.3,mg
409533,0.3,mg
409534,0.2,mg
409534,0.2,mg
409626,50,mg
409628,100,mg
409664,80,mg
409773,200,mg
409775,200,mg
409849,5,mg
409851,10,mg
409853,20,mg
409856,40,mg
409911,40,mg
409954,200,mg
410042,5,mg
410044,10,mg
410095,1,g
410108,10,mg
410117,10,mg
410190,10,mg
410235,75,mg
410237,75,mg
410238,100,mg
410240,100,mg
410266,5,mg
410268,10,mg
410270,15,mg
410296,75,mg
410299,110,mg
410300,110,mg
410332,20,mg
410340,4,mg
410341,8,mg
410614,20,mg
410617,10,mg
410751,600,mg
410762,2.5,mg
410764,2.5,mg
410835,0.5,mg
410866,0.5,mg
410867,0.5,mg
410869,1,mg
410870,1,mg
410873,1.5,mg
410874,1.5,mg
410876,2,mg
410877,2,mg
410880,2.5,mg
410886,2.5,mg
410933,400,mg
410935,600,mg
410960,5,mg
410961,5,mg
410991,125,mg
410992,125,mg
410993,125,mg
411031,250,mg
411064,20,mg
411067,30,mg
411069,40,mg
411076,100,mg
411122,2.5,mg
411165,500,mg
411172,500,mg
411206,5,mg
411207,10,mg
411209,15,mg
411210,20,mg
411221,1,mg
411412,0.5,mg
411442,160,mg
411443,80,mg
411562,320,mg
411564,320,mg
411600,1,mg
411601,1,mg
411665,40,mg
411666,40,mg
411669,40,mg
411671,40,mg
412056,500,mg
412165,100,mg
412392,5,mg
412394,15,mg
412396,20,mg
412402,145,mg
412404,145,mg
412406,160,mg
412407,160,mg
412459,250,mg
412461,500,mg
412463,1000,mg
412570,1,mg
412572,1,mg
412573,1,mg
412574,1,mg
412577,2,mg
412579,2,mg
412580,2,mg
412581,2,mg
412583,3,mg
412585,3,mg
412586,3,mg
412587,3,mg
413254,200,mg
413263,400,mg
413307,2,mg
413395,3,mg
413511,200,mg
413516,2.5,mg
413530,20,mg
413538,75,mg
413545,500,mg
413575,40,mg
413614,20,mg
413637,75,mg
413638,75,mg
413640,75,mg
413641,100,mg
413642,100,mg
413644,100,mg
413713,10,mg
413715,20,mg
413797,600,mg
413880,800,mg
413890,44,mcg
413900,0.26,mg
413901,0.52,mg
413902,1.05,mg
413903,1.57,mg
413904,2.1,mg
413914,5,mg
413916,5,mg
413918,10,mg
413920,10,mg
413922,20,mg
413924,20,mg
414024,8,mg
414108,5,mg
414109,5,mg
414110,5,mg
414113,10,mg
414114,10,mg
414115,10,mg
414173,50,mg
414174,75,mg
414175,150,mg
414237,100,mg
414238,100,mg
414239,25,mg
414240,25,mg
414526,30,mg
414527,30,mg
414553,30,mg
414562,200,mg
414715,250,mg
414722,75,mg
414734,1,g
414746,500,mg
414766,400,mg
414785,1,mg
414787,2,mg
414789,3,mg
414791,4,mg
414792,6,mg
414858,10,mg
414859,25,mg
414888,4,mg
414889,4,mg
414891,8,mg
414893,20,mg
414896,40,mg
414942,25,mg
414946,100,mg
414949,150,mg
415054,200,mg
415056,1000,mg
415069,1000,mg
415070,200,mg
415080,100,mg
415084,160,mg
415172,40,mg
415239,200,mg
415240,200,mg
415255,4,mg
415256,8,mg
415281,50,mg
415283,75,mg
415285,100,mg
415300,50,mg
415302,100,mg
415305,150,mg
415308,200,mg
415310,250,mg
415337,0.2,mg
415338,0.4,mg
415445,10,mg
415447,15,mg
415449,20,mg
415451,25,mg
415454,30,mg
415821,150,mg
415825,420,mg
416115,3.6,mg
416116,3.6,mg
416117,3.6,mg
416120,5,mg
416121,5,mg
416122,5,mg
416202,10,mg
416204,20,mg
416205,20,mg
416250,2.5,mg
416324,40,mg
416326,80,mg
416349,400,mg
416366,4,mg
416367,8,mg
416417,500,mg
416424,30,mg
416499,500,mg
416501,500,mg
416521,100,mg
416523,100,mg
416525,100,mg
416526,100,mg
416529,400,mg
416531,400,mg
416554,322,mcg
416607,6,mg
416610,30,mg
416636,0.25,mg
416642,0.5,mg
416649,1,mg
416666,2.5,mg
416668,2.5,mg
416669,2.5,mg
416670,2.5,mg
416671,5,mg
416673,5,mg
416674,5,mg
416675,5,mg
416676,10,mg
416678,10,mg
416679,10,mg
416680,10,mg
416836,35,mg
416837,35,mg
416839,35,mg
416842,300,mg
416844,300,mg
416845,600,mg
416847,600,mg
416994,5,mg
416995,10,mg
417007,24,mg
417008,24,mg
417026,70,mg
417169,1,Mi.j.
417231,40,mg
417232,40,mg
417236,80,mg
417237,80,mg
417334,0.75,mg
417339,1.5,mg
417352,550,mg
417353,550,mg
417395,250,mg
417396,250,mg
417402,250,mg
417403,250,mg
417417,2,g
417425,4,g
417498,375,mg
417525,0.25,mg
417529,0.5,mg
417532,1,mg
417575,100,mg
417711,60,mg
417712,60,mg
417730,0.4,mg
417731,0.4,mg
417732,0.4,mg
417733,0.4,mg
417743,5,mg
417745,10,mg
417777,50,mg
417779,50,mg
417858,500,mg
417861,850,mg
417874,200,mg
417888,40,mg
417889,80,mg
417906,500,mg
417955,2.5,mg
417956,2.5,mg
417958,5,mg
417959,5,mg
418006,20,mg
418053,150,mg
418055,300,mg
418182,100,mg
418183,100,mg
418187,150,mg
418188,150,mg
418332,500,mg
418333,500,mg
418334,500,mg
418336,500,mg
418338,500,mg
418339,500,mg
418340,500,mg
418341,500,mg
418344,1000,mg
418345,1000,mg
418346,1000,mg
418348,1000,mg
418350,1000,mg
418351,1000,mg
418352,1000,mg
418353,1000,mg
418396,50,mg
418397,50,mg
418403,100,mg
418404,400,mg
418407,10,mg
418409,400,mg
418410,400,mg
418415,5,mg
418417,10,mg
418420,250,mg
418421,250,mg
418456,333,mg
418457,333,mg
418480,10,mg
418508,245,mg
418555,600,mg
418557,400,mg
418646,500,mg
418652,500,mg
418672,150,mg
418778,50,mg
418791,5,mg
418792,5,mg
418793,5,mg
418794,5,mg
418795,5,mg
418796,5,mg
418814,600,mg
418842,10,mg
418873,150,mg
418874,500,mg
418887,125,mg
418923,50,mg
418924,50,mg
418926,70,mg
418927,70,mg
418970,100,mg
418976,150,mg
419212,10,mg
419213,10,mg
419218,20,mg
419220,20,mg
419429,5,mg
419455,500,mg
419934,10,mg
419936,10,mg
419937,25,mg
419939,25,mg
420039,300,mg
420040,300,mg
420042,600,mg
420043,600,mg
420044,600,mg
420063,250,mg
420069,500,mg
420146,250,mg
420297,2.5,mg
420324,80,mg
420330,120,mg
420453,500,mg
420455,250,mg
420457,500,mg
420458,250,mg
420539,20,mg
420540,20,mg
421104,20,mg
421105,20,mg
421106,20,mg
421107,20,mg
421111,30,mg
421112,30,mg
421113,30,mg
421114,30,mg
421133,350,mg
421200,40,mg
421250,12.5,mg
421255,25,mg
421370,1,mg
421374,2,mg
421376,3,mg
421415,20,mg
421418,0.5,mg
421451,5,mg
421453,10,mg
421515,100,mg
421591,500,mg
421594,1000,mg
421608,360,mg
421609,180,mg
421711,60,mg
421715,1.5,mg
421717,3,mg
421718,6,mg
421784,400,mg
421796,50,mg
421832,2,mg
421833,4,mg
421834,8,mg
421914,14,mg
422065,50,mg
422066,50,mg
422088,75,i.j.
422115,2.5,mg
422116,5,mg
422117,10,mg
422136,20,mg
422137,10,mg
422139,20,mg
422141,10,mg
422294,10,mg
422403,4,mg
422417,1.5,mg
422428,2,mg
422506,5,mg
422507,10,mg
422558,75,mg
422585,200,mg
422592,200,mg
422593,200,mg
422622,250,mg
422624,250,mg
422625,500,mg
422627,500,mg
422628,1000,mg
422630,1000,mg
422754,500,mg
422883,50,mg
423019,35,mg
423020,35,mg
423052,10,mg
423247,50,mg
423249,150,mg
423251,75,mg
423342,100,mg
423344,100,mg
423346,200,mg
423348,200,mg
423381,100,mg
423410,10,mg
423411,10,mg
423412,10,mg
423413,10,mg
423446,100,mg
423450,150,mg
423584,4,mg
423586,4,mg
423588,8,mg
423590,8,mg
423609,35,mg
423625,100,mg
423627,20,mg
423771,25,mg
423774,50,mg
424043,2.5,mg
424185,75,i.j.
424186,75,i.j.
424258,35,mg
424303,40,mg
424351,140,mg
424352,140,mg
424387,70,mg
424388,70,mg
424392,80,mg
424393,80,mg
424395,100,mg
424396,100,mg
424452,1000,mg
424457,400,mg
424488,5,mg
424489,5,mg
424490,5,mg
424492,10,mg
424493,10,mg
424494,10,mg
424523,200,mg
424724,400,mg
424769,10,mg
424781,80,mg
424781,80,mg
424810,5,mg
424812,5,mg
424813,7.5,mg
424815,7.5,mg
424875,200,mcg
424993,1000,mg
425196,150,mg
425199,75,mg
425363,10.8,mg
425363,10.8,mg
425534,5,mg
425536,10,mg
425547,37.5,mg
425549,75,mg
425569,10,mg
425571,15,mg
425611,5,mg
425618,100,mg
425631,2,mg
425632,2,mg
425634,8,mg
425635,8,mg
425671,40,mg
425672,40,mg
425673,40,mg
425676,40,mg
425677,40,mg
425678,40,mg
425682,300,mg
425703,225,mg
425715,50,mg
425716,50,mg
425718,75,mg
425719,75,mg
425734,60,mg
425762,400,mg
425789,25,mg
425864,70,mg
425874,40,mg
425875,20,mg
425876,10,mg
425877,5,mg
426039,200,mg
426122,10,mg
426123,10,mg
426124,10,mg
426125,10,mg
426127,15,mg
426128,15,mg
426131,20,mg
426132,20,mg
426187,180,mg
426307,400,mg
426528,50,mg
426529,50,mg
426531,100,mg
426532,100,mg
426563,80,mg
426590,5,mg
426591,10,mg
426618,600,mg
426620,600,mg
426622,5,mg
427096,150,mg
427356,20,mg
427358,20,mg
427367,750,mg
427369,1500,mg
427385,40,mg
427387,20,mg
427425,500,mg
427427,500,mg
427445,10,mg
427447,10,mg
427448,10,mg
427449,10,mg
427451,20,mg
427453,20,mg
427454,20,mg
427455,20,mg
427508,400,mg
427518,250,mg
427520,500,mg
427521,120,mg
427538,10,mg
427540,20,mg
427541,10,mg
427542,20,mg
427595,150,mg
427596,300,mg
427667,1000,mg
427682,100,mg
427686,150,mg
427735,61,mg
427771,75,mg
427786,100,mg
427796,15,mg
427797,15,mg
427848,20,mg
427937,50,mg
427939,100,mg
427964,500,mg
427987,10,mg
427988,10,mg
428041,500,mg
428044,1,g
428060,30,mg
428062,30,mg
428458,10,mg
428532,1,g
428543,1,g
428544,1,g
428912,10,mg
428917,400,mg
428932,2,g
428940,250,mg
428942,500,mg
428966,1.25,mg
428967,1.25,mg
428969,1.25,mg
428976,3.75,mg
428977,3.75,mg
428979,3.75,mg
428980,3.75,mg
429767,500,mg
429768,1000,mg
429835,50,mg
429844,100,mg
429848,200,mg
429865,400,mg
429868,400,mg
430265,80,mg
430289,5,mg
430299,10,mg
430359,3,mg
430505,80,mg
430506,80,mg
430633,1000,mg
430650,250,i.j.
430668,500,i.j.
430670,1000,i.j.
430921,200,mg
430924,1000,mg
431038,500,mg
431050,275,mg
431295,500,mg
431339,250,mg
431449,1,g
431523,60,mg
431596,2.5,mg
431601,10,mg
431605,10,mg
431609,15,mg
431616,20,mg
431643,50,mg
431673,3.5,mg
431675,3.5,mg
431683,7,mg
431685,7,mg
432054,50,mg
432095,12.5,mg
432100,25,mg
432142,0.5,mg
432144,1,mg
432146,3,mg
432148,5,mg
432183,10,mg
432188,15,mg
432190,20,mg
432196,15,mg
432198,30,mg
432242,100,mg
432244,200,mg
432253,3,mg
432316,5,mg
432318,10,mg
432321,20,mg
432509,125,mg
432510,125,mg
432600,1.5,mg
432671,100,mg
432724,45,mg
432725,30,mg
432732,40,mg
432867,160,mg
433032,500,mg
433044,0.25,mg
433045,0.25,mg
433047,0.5,mg
433049,0.5,mg
433051,1,mg
433053,1,mg
433090,2.5,mg
433093,5,mg
433097,5,mg
433105,220,mg
433151,1000000,i.j.
433164,50,mg
433176,500,mg
433177,500,mg
433179,1000,mg
433180,1000,mg
433208,40,mg
433242,400,mg
433245,200,mg
433248,300,mg
433250,150,mg
433275,100,mg
433318,100,mg
433319,100,mg
433361,50,mg
433362,25,mg
433372,5,mg
433378,145,mg
433462,60,mg
433463,40,mg
433464,20,mg
433475,50,mg
433504,80,mg
433505,80,mg
433507,120,mg
433508,120,mg
433705,5,mg
433707,5,mg
433718,10,mg
433720,10,mg
433723,30,mg
433725,60,mg
433792,1000000,i.j.
433815,2000000,i.j.
433817,1000000,i.j.
433829,20,mg
433836,30,mg
433842,80,mg
433866,4,mg
433873,8,mg
433901,2,mg
433904,8,mg
433934,660,mg
433939,50,mg
433941,1000,mg
433958,100,mg
434027,8,mg
434050,2,mg
434057,5,mg
434058,5,mg
434059,5,mg
434574,10,mg
434576,5,mg
434584,1.5,mg
434589,5,mg
434589,5,mg
434590,2.5,mg
434590,2.5,mg
434591,2.5,mg
434591,2.5,mg
434609,25,mg
434612,25,mg
434613,15,mg
434616,15,mg
434617,10,mg
434620,10,mg
434621,5,mg
434624,5,mg
434648,1000,mg
434650,500,mg
434679,1,mg
434706,150,mg
434707,150,mg
434727,1000,mg
434728,1000,mg
434742,90,mg
434743,60,mg
434938,100,Allergan j.
435069,5,mg
435071,5,mg
435145,500,mg
435194,5,mg
435199,200,j.
435226,200,mg
435307,250,mg
435313,600,mg
435391,100,mg
435418,0.4,mg
435426,100,mg
435454,250,mg
435461,500,mg
435463,500,mg
435479,5,mg
435486,10,mg
435489,20,mg
435511,140,mg
435565,250,mg
435687,140,mg
435718,50,mg
435719,50,mg
435722,75,mg
435723,75,mg
435726,150,mg
435727,150,mg
435945,5,g
435960,15,mg
435965,15,mg
435969,450,mg
435998,25,mg
436068,200,mg
436175,45,mg
436193,300,mg
436198,200,mg
436200,200,mg
436244,0.4,mg
436247,2,mg
436284,5,mg
436306,250,mg
436309,250,mg
436349,28,mg
436364,6,mg
436365,4,mg
436366,3,mg
436367,2,mg
436368,1,mg
436369,6,mg
436370,4,mg
436371,3,mg
436372,2,mg
436373,1,mg
436405,28,mg
436446,1.5,mg
436499,25,mg
436707,5,mg
436714,10,mg
436720,15,mg
436728,25,mg
436928,50,mg
436973,100,mg
436981,150,mg
437026,40,mg
437026,40,mg
437027,20,mg
437027,20,mg
437028,10,mg
437028,10,mg
437031,5,mg
437031,5,mg
437032,10,mg
437032,10,mg
437033,30,mg
437034,120,mg
437034,120,mg
437035,90,mg
437035,90,mg
437036,60,mg
437036,60,mg
437037,30,mg
437037,30,mg
437093,420,mg
437094,420,mg
437180,10,mg
437181,10,mg
437182,10,mg
437183,10,mg
437184,10,mg
437186,10,mg
437194,20,mg
437195,20,mg
437196,20,mg
437197,20,mg
437198,20,mg
437200,20,mg
437202,200,mg
437205,40,mg
437206,40,mg
437207,40,mg
437208,40,mg
437209,40,mg
437211,40,mg
437267,150,mg
437272,5,mg
437276,5,mg
437284,10,mg
437624,15000,i.j.
437834,5,mg
437995,0.5,mg
438155,10,mg
438188,5,mg
438191,500,mg
438192,500,mg
438194,1000,mg
438196,1000,mg
438206,10,mg
438256,10,mg
438289,24,mg
438290,24,mg
438327,1000000,i.j.
438344,20,mg
438347,20,mg
438354,40,mg
438358,40,mg
438410,500,mg
438411,500,mg
438430,9,mg
438481,200,mg
438494,20,mg
438496,20,mg
438500,20,mg
438522,1,g
438523,1,g
438525,10,mg
438526,10,mg
438527,10,mg
438538,10,mg
438542,20,mg
438577,2.5,mg
438578,2.5,mg
438579,2.5,mg
438581,2.5,mg
438585,5,mg
438586,5,mg
438587,5,mg
438589,5,mg
438591,10,mg
438592,10,mg
438593,10,mg
438595,10,mg
438660,10,mg
438697,200,mg
438727,500,i.j.
438732,1000,i.j.
438734,2000,i.j.
438825,200,mg
438826,200,mg
438827,200,mg
438831,25,mg
438871,250,mg
438873,250,mg
438961,25,mg
438962,15,mg
438963,10,mg
438964,5,mg
438967,25,mg
438968,15,mg
438969,10,mg
438970,5,mg
438984,10,mg
438992,15,mg
438998,20,mg
439001,1,mg
439042,2.5,mg
439069,245,mg
439123,5,mg
439134,10,mg
439154,150,mg
439156,420,mg
439192,1,g
439295,25,mg
439301,100,mg
439308,150,mg
439331,600,i.j.
439416,400,mg
439417,400,mg
439428,50,mg
439430,50,mg
439555,23.75,mg
439557,23.75,mg
439565,47.5,mg
439567,47.5,mg
439568,95,mg
439570,95,mg
439746,400,mg
439798,2.5,mg
439800,2.5,mg
439804,5,mg
439806,5,mg
439809,10,mg
439811,10,mg
439906,20,mg
439907,15,mg
439934,5,mg
439967,40,mg
440014,25,mg
440029,75,mg
440031,150,mg
440033,300,mg
440101,400,mg
440108,600,mg
440377,10,mg
440386,15,mg
440390,20,mg
440511,3.15,mg
440565,25,mg
440566,25,mg
440586,50,mg
440587,50,mg
440590,75,mg
440591,75,mg
440596,150,mg
440597,150,mg
440601,300,mg
440602,300,mg
440691,250,mg
440743,250,mg
440744,250,mg
440780,3,g
440788,500,mg
440819,12.5,mg
440820,12.5,mg
440821,12.5,mg
440823,12.5,mg
440824,12.5,mg
440825,12.5,mg
440827,25,mg
440828,25,mg
440829,25,mg
440838,25,mg
440839,25,mg
440840,25,mg
440852,37.5,mg
440853,37.5,mg
440854,37.5,mg
440865,50,mg
440866,50,mg
440867,50,mg
440918,100,mg
440921,150,mg
440972,2,mg
440974,2,mg
441170,10,mg
441172,10,mg
441340,75,mg
441384,5,mg
441387,5,mg
441475,1000000,i.j.
441581,50,mg
441583,100,mg
441663,5,mg
441668,500,mg
441791,5,mg
441792,5,mg
441794,20,mg
441795,20,mg
441814,10,mg
441843,15,mg
441845,20,mg
441851,10,mg
441852,10,mg
441859,250,mg
441865,500,mg
441987,5,mg
441988,5,mg
441992,10,mg
441993,10,mg
441997,1000,mg
442071,200,mg
442073,100,mg
442133,250,mg
442148,50,mg
442184,100,mg
442188,5,mg
442190,10,mg
442248,240,mg
442253,5,mL
442294,1,mg
442296,1,mg
442297,1,mg
442308,2,mg
442309,2,mg
442310,2,mg
442344,200,mg
442406,500,i.j.
442410,420,mg
442411,150,mg
442427,180,mg
442435,360,mg
442442,1000,i.j.
442622,200,mg
442623,200,mg
442625,200,mg
442734,2,mg
442738,20,mg
442764,1,g
442765,1,g
442827,250,mg
442906,20,mg
442907,61,mg
442925,10,mg
442988,600,mg
442989,600,mg
443024,400,mg
443082,1,mg
443083,1,mg
443088,15,mg
443097,3.5,mg
443098,3.5,mg
443111,100,mg
443188,1,g
443329,5,mg
443347,10,mg
443383,10,mg
443385,10,mg
443396,20,mg
443398,20,mg
443627,1,mg
443628,1,mg
443633,2.5,mg
443634,2.5,mg
443639,3.5,mg
443640,3.5,mg
443674,75,mg
443697,1,g
443699,1,g
443702,1,g
443747,5,mg
443832,100,mg
443873,25,mg
443874,25,mg
443880,50,mg
443882,100,mg
443883,100,mg
443886,100,mg
443890,200,mg
443891,200,mg
443902,150,mg
443904,200,mg
443936,2,mg
444050,40,mg
444220,150,mg
444223,300,mg
444224,300,mg
444225,300,mg
444227,150,mg
444246,20,mg
444268,10,mg
444309,25,mg
444311,50,mg
444420,150,mg
444660,250,mg
444663,500,mg
444774,0.5,mg
444775,0.5,mg
444777,0.5,mg
444778,0.5,mg
444893,10,mg
444903,20,mg
444904,10,mg
444905,5,mg
444907,1.5,mg
444910,3,mg
444912,6,mg
444935,125,mg
444939,250,mg
444989,3.5,mg
445014,60,mg
445015,60,mg
445039,600,mg
445042,600,mg
445219,0.5,mg
445227,1,mg
445353,500,mg
445360,1000,mg
445600,25,mg
445602,25,mg
445651,1500,mg
445652,750,mg
445657,1,g
445701,1,g
445804,10,mg
445805,5,mg
446114,400,mg
446187,10,mg
446191,20,mg
446196,100,mg
446198,50,mg
446200,25,mg
446384,100,mg
446386,25,mg
446388,200,mg
446434,5,mL
446435,5,mL
446456,5,mg
446584,250,mg
446626,5,mg
446691,20,mg
446721,4,mg
446722,4,mg
446724,5,mg
446725,5,mg
446726,180,mg
446727,90,mg
446728,30,mg
446738,25,mg
446740,100,mg
446741,200,mg
446756,25,mg
446757,100,mg
446758,200,mg
446837,25,mg
446839,100,mg
446850,15,mg
446879,1000,mg
446881,500,mg
446920,60,mg
446924,90,mg
446956,1.25,mg
446960,2.5,mg
446962,5,mg
446964,10,mg
446976,35,mg
446977,35,mg
446986,0.5,mg
446992,250,mg
446993,250,mg
446997,500,mg
446998,500,mg
447015,50,mg
447016,50,mg
447093,150,mg
447094,150,mg
447095,150,mg
447384,25,mg
447521,20,mg
447554,84,mg
447591,5,mg
447594,10,mg
447649,60,mg
447724,1,g
447739,2.5,mg
447756,5,mg
447831,1,mg
447833,0.25,mg
447932,200,mcg
447934,200,mcg
447939,400,mcg
447947,600,mcg
447949,800,mcg
447951,1000,mcg
447953,1200,mcg
447955,1400,mcg
447957,1600,mcg
448052,200,mg
448063,100,mg
448069,10,mg
448071,20,mg
448121,30,mg
448146,50,mg
448244,50,mg
448247,50,mg
448249,50,mg
448252,100,mg
448253,100,mg
448256,100,mg
448288,10,mg
448292,50,mg
448296,100,mg
448301,150,mg
448305,200,mg
448472,50,mg
448487,100,mg
448489,50,mg
448493,100,mg
448622,20,mg
448714,0.4,mg
448715,0.4,mg
448716,0.4,mg
448718,0.4,mg
448764,400,mg
448773,1,g
448819,8,mg
448821,2,mg
448829,70,mg
448830,70,mg
448861,2.5,mg
448863,2.5,mg
448931,5,mg
448937,10,mg
448941,75,mg
448943,100,mg
448945,125,mg
448993,150,mg
448995,150,mg
449071,20,mg
449072,20,mg
449073,40,mg
449074,40,mg
449075,60,mg
449076,60,mg
449133,50,mg
449195,25,mg
449268,10,mg
449332,100,mg
449335,10,mg
449335,10,mg
449414,62.5,mg
449418,125,mg
449478,20,mg
449481,40,mg
449488,5,mg
449490,5,mg
449550,500,mg
449556,850,mg
449584,6.25,mg
449591,12.5,mg
449598,25,mg
449627,25,mg
449629,25,mg
449630,100,mg
449632,100,mg
449637,25,mg
449639,50,mg
449651,40,mg
449660,2.5,mg
449675,300,mg
449677,1,g
449720,500,mg
449723,400,mg
449833,2,mg
449842,3,mg
449946,100,mL
449947,100,mL
449952,250,mL
449953,250,mL
449956,500,mL
449957,500,mL
450057,1,g
450060,20,mg
450062,40,mg
450126,1,g
450128,2,g
450163,2,mg
450167,3,mg
450182,50,mg
450190,150,mg
450192,150,mg
450349,20,mg
450351,20,mg
450357,500,mg
450361,40,mg
450362,40,mg
450386,500,mg
450387,500,mg
450400,1,mcg
450402,1,mcg
450408,2,mcg
450410,2,mcg
450429,5,mg
450431,5,mg
450435,10,mg
450437,10,mg
450438,15,mg
450440,15,mg
450442,30,mg
450444,30,mg
450448,140,mg
450461,10,mg
450472,500,mg
450476,20,mg
450477,75,mg
450479,75,mg
450481,40,mg
450526,20,mg
450558,500,mg
450609,10,mg
450654,300,mg
450655,300,mg
450676,245,mg
450679,30,mg
450688,1.5,mg
450710,80,mg
450761,150,mg
450763,300,mg
450766,62.5,mg
450770,50,mg
450774,125,mg
450875,0.4,mg
450927,50,mg
450929,200,mg
450932,100,mg
450934,150,mg
451057,80,mg
451059,40,mg
451067,12.5,mg
451092,200,mg
451101,1000,mg
451112,1,g
451121,5,mg
451124,10,mg
451125,44,mcg
451126,44,mcg
451180,120,mg
451182,240,mg
451199,100,mg
451204,120,mg
451206,240,mg
451251,3,mg
451258,7,mg
451260,14,mg
451312,100,mg
451334,150,mg
451340,1,mg
451359,100,mg
451442,20,mg
451552,25,mg
451585,500,mg
451587,1000,mg
451613,10,mg
451635,250,mg
451638,250,mg
451651,25,mg
451654,50,mg
451687,100,mg
451689,100,mg
451734,30,mg
451740,60,mg
451766,150,mg
451767,150,mg
451771,75,mg
451772,75,mg
451789,50,mg
451836,100,mg
451971,25,mg
451973,25,mg
451975,25,mg
451978,25,mg
451981,50,mg
451983,50,mg
451984,50,mg
451985,50,mg
452021,20,mg
452042,40,mg
452053,2.5,mg
452067,5,mg
452069,10,mg
452162,600,mg
452182,600,mg
452200,20,mg
452201,20,mg
452202,20,mg
452203,20,mg
452204,20,mg
452229,30,mg
452264,3.5,mg
452265,3.5,mg
452302,30,mg
452303,30,mg
452304,30,mg
452428,1500,mg
452435,750,mg
452448,20,mg
452450,10,mg
452452,5,mg
452454,2.5,mg
452458,400,mg
452460,200,mg
452577,1662500,i.j.
452578,1662500,i.j.
452579,1662500,i.j.
452580,1662500,i.j.
452821,1,mg
452923,300,mg
453030,250,mg
453130,1,g
453141,2,mg
453142,0.25,mg
453143,0.25,mg
453146,2,mg
453147,0.25,mg
453148,0.25,mg
453160,6,mg
453161,4.5,mg
453162,3,mg
453163,1.5,mg
453166,6,mg
453167,4.5,mg
453168,3,mg
453169,1.5,mg
453185,500,mg
453242,200,mg
453242,200,mg
453246,400,mg
453248,400,mg
453248,400,mg
453289,200,mg
453367,300,mg
453368,150,mg
453463,284,mg
453464,284,mg
453575,250,mg
453577,500,mg
453584,10,mg
453586,20,mg
453675,320,mg
453744,8.75,mg
453745,8.75,mg
453746,8.75,mg
453748,8.75,mg
453768,40,mg
453769,20,mg
453859,140,mg
453860,140,mg
453918,12.5,mg
453919,12.5,mg
453923,25,mg
453924,25,mg
453927,50,mg
453928,50,mg
453992,100,mg
453995,150,mg
454066,75,mg
454067,75,mg
454075,5,mg
454077,10,mg
454081,20,mg
454143,1,mg
454145,2.5,mg
454268,18,mg
454275,36,mg
454293,50,mg
454296,150,mg
454333,10,mg
454357,60,mg
454358,40,mg
454359,20,mg
454428,500,mcg
454430,500,mcg
454560,10,mg
454578,15,mg
454596,30,mg
454694,1,mg
454695,1,mg
454696,1,mg
454864,500,mg
454865,500,mg
454868,500,mg
454869,500,mg
454905,100,mg
454907,50,mg
454909,25,mg
454914,400,mg
454915,200,mg
454964,2.5,mg
454965,2.5,mg
454968,5,mg
454983,0.5,mg
455014,10,mg
455015,10,mg
455031,25,mg
455032,25,mg
455112,3,mg
455217,10,mg
455219,10,mg
455312,600,mg
455318,600,mg
455338,20,mg
455340,20,mg
455392,100,mg
455421,250,i.j.
455426,500,i.j.
455430,1000,i.j.
455432,2000,i.j.
455443,400,mg
455484,300,mg
455522,75,mg
455748,500,mg
455834,420,mg
455836,420,mg
455838,150,mg
455840,150,mg
455912,50,mg
455918,1,mg
455921,5,mg
455928,100,mg
455929,5,mg
456091,25,mg
456093,50,mg
456143,200,mg
456160,10,mg
456189,300,mg
456213,5,mg
456214,5,mg
456217,10,mg
456221,200,mg
456223,250,mg
456228,150,mg
456256,375,mg
456306,0.5,mg
456307,0.5,mg
456313,2,mg
456314,2,mg
456341,30,mg
456343,45,mg
456423,100,mg
456432,120,mg
456435,20,mg
456578,250,mg
456677,40,mg
456754,75,mg
456765,100,mg
456821,100,mg
456822,100,mg
456862,2,mg
456894,75,mg
456895,75,mg
456896,75,mg
456898,75,mg
456900,2,mg
456906,90,mg
456911,150,mg
456912,150,mg
456913,150,mg
456915,150,mg
456917,10,mg
456954,100,mg
456972,50,mg
456988,1,g
456997,20,mg
457000,20,mg
457012,40,mg
457014,40,mg
457044,4,mg
457046,5,mg
457049,3,mg
457078,1,g
457089,500,mg
457096,40,mg
457098,40,mg
457101,80,mg
457102,80,mg
457105,120,mg
457106,120,mg
457125,10,mg
457127,10,mg
457131,20,mg
457133,20,mg
457136,40,mg
457138,40,mg
457203,50,mg
457204,50,mg
457237,1.5,mg
457260,50,mg
457261,50,mg
457267,75,mg
457268,75,mg
457275,150,mg
457276,150,mg
457285,25,mg
457288,50,mg
457294,100,mg
457405,250,mcg
457406,250,mcg
457431,10,mg
457436,25,mg
457457,2.5,mg
457460,5,mg
457491,2,mg
457492,2,mg
457494,8,mg
457495,8,mg
457824,8.75,mg
457826,8.75,mg
457846,40,mg
457847,40,mg
457917,100,mg
457919,200,mg
458009,60,mg
458011,60,mg
458015,90,mg
458016,90,mg
458023,0.5,mg
458182,25,mg
458184,25,mg
458186,50,mg
458188,50,mg
458191,100,mg
458193,100,mg
458197,200,mg
458199,200,mg
458234,375,mg
458261,5,mg
458276,5,mg
458290,10,mg
458293,75,mg
458294,50,mg
458296,15,mg
458301,20,mg
458304,40,mg
458307,30,mg
458328,25,mg
458330,50,mg
458332,100,mg
458376,65,mg
458411,0.5,mg
458479,40,mg
458496,40,mg
458607,10,mg
458615,20,mg
458656,10,mg
458658,20,mg
458693,5,mg
458694,5,mg
458697,10,mg
458698,10,mg
458723,50,mg
458733,75,mg
458735,150,mg
458737,90,mg
458739,90,mg
458747,500,mg
458749,500,mg
458756,25,mg
458757,25,mg
458779,25,mg
458788,100,mg
458789,100,mg
458791,100,mg
458799,1,mg
458802,2,mg
458809,500,mg
458816,500,mg
458823,10,mg
458828,20,mg
458837,5,mg
458839,50,mg
458841,50,mg
458842,100,mg
458844,100,mg
458855,10,mg
458869,20,mg
458876,3,mg
458878,3,mg
458902,25,mg
458903,25,mg
458905,25,mg
458912,50,mg
458913,50,mg
458915,50,mg
458916,100,mg
458917,100,mg
458919,100,mg
459099,25,mg
459100,25,mg
459104,25,mg
459105,25,mg
459136,300,mg
459137,300,mg
459198,500,mg
459200,500,mg
459205,500,mg
459206,500,mg
459455,250,mg
459511,500,mg
459511,500,mg
459527,25,mg
459539,1000,mg
459541,1000,mg
459641,25,mg
459662,50,mg
459681,10,mg
459717,80,mg
459718,80,mg
459720,80,mg
459736,40,mg
459737,40,mg
459739,40,mg
460018,75,mg
460053,1,g
460059,150,mg
460064,300,mg
460065,50,mg
460072,300,mg
460148,700,mcg
460176,5,mg
460179,2.5,mg
460180,2.5,mg
460182,2.5,mg
460189,5,mg
460190,5,mg
460192,5,mg
460250,50,mg
460253,500,mg
460433,5,mg
460435,5,mg
460588,100,mg
460590,200,mg
460591,200,mg
460716,75,mg
460720,100,mg
460728,10,mg
460730,2,mg
460791,500,mg
460896,10,mg
461034,40,mg
461126,400,j.
461198,200,mg
461199,200,mg
461211,50,mg
461357,250,mg
461363,500,mg
461473,8,mg
461474,8,mg
461476,0.5,mg
461478,0.5,mg
461483,16,mg
461484,16,mg
461506,100,mg
461530,200,mg
461533,600,mg
461768,500,mg
461769,500,mg
461833,10,mg
461835,10,mg
461873,80,mg
461875,80,mg
461876,150,mg
461878,150,mg
461890,2,mg
461892,4,mg
461896,10,mg
461925,5,mg
461931,200,mg
461963,5,mg
461965,5,mg
461986,100,mg
461990,200,mg
462018,100,mg
462058,50,mg
462069,100,mg
462152,50,mg
462153,50,mg
462154,50,mg
462155,37.5,mg
462156,37.5,mg
462157,37.5,mg
462163,2,mg
462170,5,mg
462173,10,mg
462238,40,mg
462240,20,mg
462242,10,mg
462295,50,mg
462297,50,mg
462301,50,mg
462303,50,mg
462352,10,mg
462354,10,mg
462356,20,mg
462388,10,mg
462413,50,mg
462431,250,mg
462451,375,mg
462463,500,mg
462468,750,mg
462499,600,mg
462504,1,g
462506,1,g
462507,1,g
462526,70,mg
462527,70,mg
462530,50,mg
462531,50,mg
462540,100,mg
462542,50,mg
462582,7.5,mg
462586,7.5,mg
462588,30,mg
462590,30,mg
462606,1000,mg
462620,200,mg
462621,200,mg
462623,200,mg
462739,25,mg
462830,10,mg
462831,10,mg
462832,450,mg
462901,100,mg
462903,1.5,mg
462905,10,mg
462910,200,mg
462916,80,mg
462924,15,mg
462994,200,mg
462995,200,mg
462998,200,mg
462999,200,mg
463172,0.5,mg
463173,60,mg
463175,60,mg
463176,80,mg
463178,80,mg
463189,250,mcg
463193,250,mcg
463202,150,mg
463205,150,mg
463207,150,mg
463253,5,mg
463273,100000,i.j.
463286,35,mg
463313,0.5,mg
463325,5,mg
463330,10,mg
463355,1,g
463368,2,g
463454,2.5,mg
463455,2.5,mg
463468,500,mg
463471,5,mg
463472,5,mg
463474,5,mg
463475,5,mg
463480,10,mg
463481,10,mg
463486,10,mg
463487,10,mg
463645,100,mg
463727,1500,mg
463789,30,mg
463790,20,mg
463791,10,mg
463794,5,mg
463795,2.5,mg
463796,2.5,mg
463818,3,mg
463841,4.5,mg
463948,400,mg
463955,10,mg
463956,10,mg
463958,10,mg
463983,20,mg
463984,20,mg
463986,20,mg
463993,40,mg
463994,40,mg
463996,40,mg
464002,1000,mg
464003,1000,mg
464082,25,mg
464091,25,mg
464092,25,mg
464133,100,mg
464145,150,mg
464201,10,mg
464207,40,mg
464209,40,mg
464214,20,mg
464234,80,mg
464236,80,mg
464250,1,g
464279,100,mg
464364,150,mcg
464371,300,mcg
464380,600,mg
464400,40,mg
464412,10,mg
464414,10,mg
464422,250,mg
464426,500,mg
464436,3,g
464467,20,mg
464469,20,mg
464479,150,mg
464481,150,mg
464544,5,mg
464546,5,mg
464551,10,mg
464553,10,mg
464586,50,mg
464588,50,mg
464589,150,mg
464591,150,mg
464592,200,mg
464594,200,mg
464595,300,mg
464597,300,mg
464617,1000,mg
464631,500,mg
464679,500,mg
464683,10,mg
464685,5,mg
464698,2.5,mg
464701,10,mg
464719,500,mg
464736,200,mg
464748,1000000,i.j.
464750,8,mg
464751,8,mg
464760,16,mg
464761,16,mg
464768,24,mg
464769,24,mg
464835,500,mg
464854,2.5,mg
464863,10,mg
464864,10,mg
464869,15,mg
464871,15,mg
464875,20,mg
464996,1.25,mg
465002,60,mg
465003,60,mg
465005,60,mg
465007,60,mg
465008,60,mg
465009,60,mg
465025,2.5,mg
465026,2.5,mg
465032,100,mg
465035,5,mg
465036,5,mg
465038,10,mg
465039,10,mg
465040,150,mg
465041,150,mg
465043,150,mg
465106,125,mg
465107,62.5,mg
465123,100,mg
465124,100,mg
465131,1000,mg
465185,400,mg
465201,200,mg
465218,400,mg
465235,100,mg
465301,5,mg
465303,20,mg
465315,50,mg
465317,20,mg
465321,60,mg
465325,70,mg
465337,100,mg
465344,140,mg
465370,250,mg
465376,500,mg
465378,500,mg
465411,10,mg
465412,10,mg
465414,200,mg
465415,100,mg
465416,25,mg
465435,300,mg
465480,0.25,mg
465482,0.5,mg
465487,0.25,mg
465489,0.5,mg
465492,1,mg
465603,75,mg
465617,100,mg
465631,125,mg
465918,2000000,i.j.
465922,50,mg
465935,20,mg
465966,5,mg
465971,10,mg
466041,2,mg
466055,4,mg
466063,8,mg
466121,200,mg
466122,200,mg
466125,5,g
466142,250,mg
466145,250,mg
466181,200,mg
466184,400,mg
466228,2,mg
466250,10,mg
466251,10,mg
466252,10,mg
466253,10,mg
466282,0.5,mg
466333,1,g
466334,1,g
466338,1,g
466339,1,g
466362,12.5,mg
466363,12.5,mg
466377,25,mg
466378,25,mg
466387,50,mg
466388,50,mg
466519,100,mg
466535,150,mg
466551,5,mg
466567,0.5,mg
466597,25,mg
466598,25,mg
466603,50,mg
466604,50,mg
466608,12.5,mg
466609,12.5,mg
466621,200,mg
466650,5,g
466655,10,g
466659,10,g
466709,3.75,mg
466711,2.5,mg
466713,1.25,mg
466750,100,mg
466765,20,mg
466783,20,mg
466881,12.5,mg
467048,250,mg
467196,50,mg
467212,1,mg
467214,1,mg
467216,3.5,mg
467218,3.5,mg
467230,80,mg
467231,40,mg
467234,375,mg
467285,1,g
467301,200,mg
467302,200,mg
467303,200,mg
467312,5,mg
467317,15,mg
467330,7.5,mg
467332,15,mg
467351,231,mg
467366,5,mg
467426,250,mg
467431,500,mg
467435,250,mg
467440,500,mg
467482,250,mg
467491,50,mg
467495,1,g
467496,1,g
467502,100,mg
467513,200,mg
467617,15,mg
467629,30,mg
467632,60,mg
467659,3.6,mg
467661,3.6,mg
467680,10,mg
467690,500,mg
467692,500,mg
467695,1000,mg
467698,1000,mg
467730,10,mg
467745,500,mg
467753,400,mg
467825,500,mg
467827,500,mg
467836,20,mg
467854,1000,mg
467860,10,mg
467864,100,mg
467865,100,mg
467876,40,mg
467885,120,mg
467913,50,mg
467914,50,mg
467915,50,mg
467916,37.5,mg
467917,37.5,mg
467918,37.5,mg
467919,25,mg
467920,25,mg
467921,25,mg
467922,12.5,mg
467923,12.5,mg
467924,12.5,mg
467940,40,mg
467942,20,mg
468045,5,mg
468076,20,mg
468077,20,mg
468121,100,mg
468199,20,mg
468221,200,mg
468223,600,mg
468224,75,mg
468235,8.75,mg
468237,8.75,mg
468256,5,mg
468258,5,mg
468259,10,mg
468261,10,mg
468319,40,mg
468324,40,mg
468330,80,mg
468357,50,mg
468358,50,mg
468359,20,mg
468360,20,mg
468364,55,mg
468422,500,mg
468448,4,mg
468451,8,mg
468467,40,mg
468469,40,mg
468483,167,mg
468484,167,mg
468514,500,mg
468519,1,mg
468522,2,mg
468524,3,mg
468526,4,mg
468561,1,g
468636,75,mg
468676,10,mg
468677,10,mg
468680,15,mg
468681,15,mg
468683,20,mg
468684,20,mg
468718,100,mg
468719,100,mg
468829,20,mg
468830,10,mg
468858,1,mg
468860,2,mg
468863,3,mg
468865,4,mg
468876,0.5,mcg
468877,0.5,mcg
468879,0.5,mcg
468883,1,mcg
468884,1,mcg
468886,1,mcg
468919,200,mg
468920,200,mg
468929,200,mg
468930,200,mg
468936,400,mg
468937,400,mg
468940,400,mg
468941,400,mg
468942,400,mg
468943,400,mg
468993,25,mg
468994,25,mg
469016,200,mg
469017,200,mg
469020,400,mg
469030,400,mg
469031,400,mg
469034,400,mg
469035,400,mg
469042,600,mg
469043,600,mg
469087,1,g
469088,1,g
469115,300,mg
469134,25,mg
469170,50,mg
469173,100,mg
469200,200,mg
469201,200,mg
469202,200,mg
469210,200,mg
469211,200,mg
469212,200,mg
469216,400,mg
469217,400,mg
469218,400,mg
469304,59.5,mg
469365,0.25,mg
469370,0.5,mg
469402,0.25,mcg
469403,0.25,mcg
469405,0.25,mcg
469437,40,mg
469441,1,mg
469443,1,mg
469465,200,mg
469467,200,mg
469527,2,mg
469545,150,mg
469554,3.75,mg
469562,22.5,mg
469580,0.4,mg
469584,5,mg
469619,5,mg
469620,20,mg
469728,50,mg
469755,600,mg
469770,20,mg
469779,500,mg
469782,250,mg
469783,250,mg
469785,250,mg
469812,70,mg
469813,50,mg
469845,50,mg
469847,50,mg
469860,100,mg
469862,100,mg
469893,5,mg
469895,10,mg
469897,20,mg
469962,50,mg
470008,250,mg
470017,500,mg
470021,750,mg
470026,1000,mg
470165,50,mg
470195,50,mg
470214,100,mg
470231,500000,i.j.
470243,2,mg
470248,5,mg
470262,200,mg
470263,200,mg
470268,400,mg
470269,400,mg
470296,8,mg
470298,4,mg
470320,200,mg
470342,150,mcg
470344,150,mcg
470345,420,mg
470346,420,mg
470347,150,mg
470348,150,mg
470562,20,mg
470574,700,mg
470593,1000,mg
470626,5,mg
470627,5,mg
470630,40,mg
470631,40,mg
470691,1,mg
470695,3.5,mg
470733,10,mg
470738,10,mg
470741,20,mg
470742,20,mg
470780,2,mg
470783,4,mg
470785,8,mg
470841,25,mg
470845,8.75,mg
470849,50,mg
470888,30,mg
470897,140,mg
470948,10,mg
470949,10,mg
470953,20,mg
470968,20,mg
470997,2,mg
471002,4,mg
471012,500,mg
471020,5,mg
471036,500,mg
471037,500,mg
471040,1000,mg
471041,1000,mg
471057,25,mg
471059,100,mg
471088,10,mg
471112,40,mg
471114,80,mg
471139,5,mg
471163,10,mg
471185,1000,mg
471260,12.5,mg
471262,12.5,mg
471270,25,mg
471273,25,mg
471278,50,mg
471281,50,mg
471297,150,mg
471299,200,mg
471353,1000,mg
471363,10,mg
471416,50,mg
471418,1.5,mg
471420,3,mg
471422,6,mg
471523,60,mg
471524,60,mg
471534,60,mg
471535,60,mg
471538,90,mg
471539,90,mg
471540,90,mg
471541,90,mg
471588,200,mg
471610,4,mg
471611,4,mg
471614,8,mg
471615,8,mg
471716,200,mg
471720,5,mg
471722,5,mg
471732,3,g
471859,140,mg
471860,140,mg
471904,5,mg
471912,60,mg
471913,30,mg
471920,150,mg
471924,240,mg
471935,150,mg
471967,5,mg
471968,3.6,mg
472018,3.5,mg
472020,3.5,mg
472072,500,mg
472073,500,mg
472074,500,mg
472115,110,mg
472116,110,mg
472128,150,mg
472129,150,mg
472135,110,mg
472136,110,mg
472137,150,mg
472138,150,mg
472221,1500000,i.j.
472223,1000000,i.j.
472260,25,mg
472261,25,mg
472264,50,mg
472267,50,mg
472269,100,mg
472271,100,mg
472273,200,mg
472274,200,mg
472335,0.5,mg
472336,0.5,mg
472359,200,mg
472365,1000,mg
472389,160,mg
472459,0.5,mg
472467,250,mg
472468,100,mg
472469,20,mg
472470,5,mg
472507,50,mg
472511,50,mg
472512,50,mg
472561,200,mg
472563,100,mg
472567,200,mg
472576,800,mg
472600,4,mg
472620,5,mg
472631,10,mg
472634,15,mg
472639,25,mg
472652,20,mg
472653,15,mg
472663,1000,mg
472665,500,mg
472667,250,mg
472712,20,mg
472723,500,mg
472724,500,mg
472796,50,mg
472797,150,mg
472799,150,mg
472834,5,mg
472838,5,mg
472930,250,mg
472931,250,mg
472936,500,mg
472937,500,mg
472959,20,mg
472960,20,mg
472966,50,mg
472967,50,mg
472973,70,mg
472974,70,mg
472984,80,mg
472985,80,mg
472995,100,mg
472996,100,mg
473004,140,mg
473005,140,mg
473035,50,mg
473036,50,mg
473040,50,mg
473041,50,mg
473100,12.5,mg
473107,10,mg
473111,25,mg
473116,25,mg
473120,50,mg
473135,60,mg
473142,90,mg
473149,120,mg
473161,240,mg
473186,88,mcg
473192,112,mcg
473199,137,mcg
473203,10,mg
473206,10,mg
473222,500,mg
473228,750,mg
473255,1000,mg
473268,1000,mg
473269,1000,mg
473270,1000,mg
473275,250,mg
473276,250,mg
473277,250,mg
473291,125,mg
473292,125,mg
473293,125,mg
473295,11,mg
473374,1,g
473383,500,mg
473391,500,mg
473455,2,mg
473459,4,mg
473619,600,mg
473626,5,mg
473628,5,mg
473694,250,mg
473696,250,mg
473702,1,g
473873,100,mg
473887,25,mg
473888,10,mg
473889,10,mg
473974,25,mg
473989,8,mg
474003,24,mg
474016,135,mg
474038,7.5,mg
474041,7.5,mg
474047,15,mg
474056,15,mg
474164,100,mg
474181,200,mg
474183,200,mg
474192,200,mg
474198,1,mg
474199,231,mg
474205,2,mg
474207,5,mg
474209,30,mg
474285,100,mg
474309,5,mg
474463,50,mg
474468,50,mg
474474,3.5,mg
474485,1,mg
474512,20,mg
474513,20,mg
474515,20,mg
474530,20,mg
474531,20,mg
474532,20,mg
474535,20,mg
474536,20,mg
474537,40,mg
474538,40,mg
474540,40,mg
474541,40,mg
474542,40,mg
474543,40,mg
474544,40,mg
474545,40,mg
474558,10,mg
474567,20,mg
474572,40,mg
474583,25,mg
474587,100,mg
474631,1,mg
474654,60,mg
474655,60,mg
474658,90,mg
474659,90,mg
474710,50,mg
474747,1,g
474749,2,g
474812,25,mg
474815,25,mg
474819,50,mg
474884,2.5,mg
474892,5,mg
474895,10,mg
474939,90,mg
474971,25,mg
474973,100,mg
474975,150,mg
475011,40,mg
475066,1,g
475068,150,mcg
475070,125,mcg
475072,100,mcg
475074,75,mcg
475076,50,mcg
475133,2.5,mg
475187,80,mg
475188,40,mg
475189,40,mg
475214,20,mg
475221,40,mg
475263,40,mg
475319,50,j.
475326,100,j.
475331,200,j.
475359,500,mg
475416,2,mg
475418,10,mg
475444,15,mg
475445,15,mg
475447,15,mg
475459,1,mg
475470,2.5,mg
475473,240,mg
475538,80,mg
475543,120,mg
475557,40,mg
475559,5,mg
475609,40,mg
475610,20,mg
475611,10,mg
475612,5,mg
475616,500,mg
475629,100,mg
475631,100,mg
475637,100,mg
475639,100,mg
475641,300,mg
475643,300,mg
475647,300,mg
475648,300,mg
475649,100,mg
475650,100,mg
475653,300,mg
475654,300,mg
475856,100,mg
475991,25,mg
475994,200,mg
476035,3,mg
476119,20,mg
476121,40,mg
476123,20,mg
476232,20,mg
476251,250,mg
476255,500,mg
476259,50,mg
476263,100,mg
476316,100,mg
476325,1,mg
476333,50,mg
476368,245,mg
476372,245,mg
476380,245,mg
476381,245,mg
476382,245,mg
476385,245,mg
476385,245,mg
476386,245,mg
476386,245,mg
476387,245,mg
476387,245,mg
476405,10,mg
476407,20,mg
476425,20,mg
476426,10,mg
476443,2.5,mg
476444,2.5,mg
476571,100,mg
476581,200,mg
476583,500,mg
476585,1000,mg
476593,30,mg
476624,60,mg
476633,90,mg
476663,10,mg
476664,10,mg
476703,150,mg
476704,150,mg
476705,100,mg
476706,100,mg
476707,25,mg
476708,25,mg
476870,500,mg
476913,0.25,mg
476916,5,mg
476919,10,mg
476948,100,mg
476949,50,mg
476950,25,mg
476967,200,mg
476968,150,mg
477047,500,mg
477057,500,mg
477064,850,mg
477125,1000,mg
477188,25,mcg
477192,50,mcg
477195,100,mcg
477201,200,mcg
477257,1,mg
477258,1,mg
477259,1,mg
477352,150,mg
477373,300,mg
477416,37.5,mg
477425,75,mg
477432,140,mg
477433,70,mg
477510,150,mg
477563,300,mg
477644,0.25,mg
477648,0.5,mg
477652,1,mg
477658,1.7,mg
477671,2.4,mg
477705,267,mg
477712,200,mg
477714,200,mg
477716,100,mg
477730,801,mg
477770,10,mg
477777,20,mg
477787,30,mg
477820,2.5,mg
477824,5,mg
477855,10,mg
477857,20,mg
477859,40,mg
477861,80,mg
477865,200,mg
477870,90,mg
477872,24,mg
477876,60,mg
477878,20,mg
477880,20,mg
477883,40,mg
477885,40,mg
477920,50,mg
477930,10,mg
477932,10,mg
477935,20,mg
477937,20,mg
477943,40,mg
477945,40,mg
477993,15,mg
477994,15,mg
477996,15,mg
478003,20,mg
478004,20,mg
478006,20,mg
478013,600,mg
478020,20,mg
478021,15,mg
478022,10,mg
478040,100,mg
478042,100,mg
478055,100,mg
478137,3,mg
478224,10,g
478230,20,mg
478248,26,mg
478345,360,mg
478346,180,mg
478622,50,mg
478711,50,mg
478779,50,mg
478780,150,mg
478859,10,mg
478861,10,mg
478869,10,mg
478870,10,mg
478871,10,mg
478872,10,mg
478917,25,mg
478936,100,mg
478968,15,mg
478974,30,mg
479031,1,g
479034,200,mg
479062,500,mg
479065,40,mg
479068,50,mg
479070,25,mg
479081,50,mg
479083,100,mg
479100,10,mg
479133,35,mg
479135,35,mg
479162,14,mg
479171,80,mg
479174,80,mg
479179,160,mg
479182,160,mg
479187,320,mg
479201,100,mg
479203,200,mg
479263,4,mg
479265,4,mg
479267,1,mg
479269,1,mg
479277,2,mg
479279,2,mg
479281,5,mg
479293,250,mg
479295,250,mg
479299,500,mg
479301,500,mg
479304,750,mg
479307,1000,mg
479309,1000,mg
479312,250,mg
479314,125,mg
479321,10,mg
479323,5,mg
479522,2.3,mg
479524,2.3,mg
479529,3,mg
479531,3,mg
479534,4,mg
479536,4,mg
479597,10,mg
479598,10,mg
479607,15,mg
479608,15,mg
479610,20,mg
479611,20,mg
479641,250,mg
479642,250,mg
479680,200,mg
479681,200,mg
479682,200,mg
479692,400,mg
479693,400,mg
479694,400,mg
479772,50,mg
479779,600,mg
479791,10,mg
479792,10,mg
479794,10,mg
479795,20,mg
479796,20,mg
479798,20,mg
479799,30,mg
479800,30,mg
479802,30,mg
479821,50,mg
479822,50,mg
479849,50,mg
479851,25,mg
479885,5,mg
479891,10,mg
479906,75,mg
479916,350,mg
479952,75,i.j.
479990,30,mg
479991,30,mg
480000,60,mg
480001,60,mg
480019,2,mg
480025,5,mg
480035,8.75,mg
480049,50,mg
480056,100,mg
480059,200,mg
480191,2,mg
480192,0.5,mg
480220,150,mg
480228,300,mg
480230,150,mg
480237,100,mg
480275,200,mg
480276,200,mg
480284,400,mg
480285,400,mg
480326,0.4,mg
480327,0.4,mg
480407,50,mg
480421,20,mg
480423,20,mg
480426,20,mg
480427,20,mg
480433,40,mg
480435,40,mg
480438,40,mg
480439,40,mg
480442,20,mg
480444,20,mg
480529,3.5,mg
480642,1,mg
480644,1,mg
480665,10,mg
480691,14,mg
480692,14,mg
480693,14,mg
480694,14,mg
480768,801,mg
480769,267,mg
480776,75,mg
480802,200,mg
480806,400,mg
480963,200,mg
481013,0.25,mcg
481014,0.25,mcg
481016,0.25,mcg
481065,1,g
481066,1,g
481123,40,mg
481239,200,mg
481258,250,mg
481781,2,mg
481782,0.25,mg
481783,0.25,mg
481918,100,mg
482013,500,mg
482014,500,mg
482015,500,mg
